/*
 Navicat Premium Data Transfer

 Source Server         : aliyun
 Source Server Type    : MySQL
 Source Server Version : 80012
 Source Host           : 47.105.218.58:3306
 Source Schema         : mooc

 Target Server Type    : MySQL
 Target Server Version : 80012
 File Encoding         : 65001

 Date: 16/07/2019 09:37:01
*/

SET NAMES utf8mb4;
SET FOREIGN_KEY_CHECKS = 0;

-- ----------------------------
-- Table structure for order_detail
-- ----------------------------
DROP TABLE IF EXISTS `order_detail`;
CREATE TABLE `order_detail`  (
  `detail_id` varchar(32) CHARACTER SET utf8 COLLATE utf8_general_ci NOT NULL,
  `order_id` varchar(32) CHARACTER SET utf8 COLLATE utf8_general_ci NOT NULL,
  `product_id` varchar(32) CHARACTER SET utf8 COLLATE utf8_general_ci NOT NULL,
  `product_name` varchar(64) CHARACTER SET utf8 COLLATE utf8_general_ci NOT NULL COMMENT '商品名称',
  `product_price` decimal(8, 2) NOT NULL COMMENT '当前价格,单位分',
  `product_quantity` int(11) NOT NULL COMMENT '数量',
  `product_icon` varchar(512) CHARACTER SET utf8 COLLATE utf8_general_ci NULL DEFAULT NULL COMMENT '小图',
  `create_time` timestamp(0) NOT NULL DEFAULT CURRENT_TIMESTAMP COMMENT '创建时间',
  `update_time` timestamp(0) NOT NULL DEFAULT CURRENT_TIMESTAMP ON UPDATE CURRENT_TIMESTAMP(0) COMMENT '修改时间',
  PRIMARY KEY (`detail_id`) USING BTREE,
  INDEX `idx_order_id`(`order_id`) USING BTREE
) ENGINE = InnoDB CHARACTER SET = utf8 COLLATE = utf8_general_ci ROW_FORMAT = Dynamic;

-- ----------------------------
-- Records of order_detail
-- ----------------------------
INSERT INTO `order_detail` VALUES ('12367', '123456', '157875196366160022', '皮蛋粥', 0.01, 2, 'http://xxx.com', '2018-10-07 14:51:38', '2018-10-07 14:51:38');
INSERT INTO `order_detail` VALUES ('1539148420948981012', '1539148410848994242', '157875196366160022', '皮蛋粥', 0.01, 2, '//fuss10.elemecdn.com/0/49/65d10ef215d3c770ebb2b5ea962a7jpeg.jpeg', '2018-10-10 05:13:54', '2018-10-10 05:13:54');
INSERT INTO `order_detail` VALUES ('1539149451239345187', '1539149450921721576', '157875196366160022', '皮蛋粥', 0.01, 2, '//fuss10.elemecdn.com/0/49/65d10ef215d3c770ebb2b5ea962a7jpeg.jpeg', '2018-10-10 05:30:54', '2018-10-10 05:30:54');
INSERT INTO `order_detail` VALUES ('1539534929554321644', '1539534927856463163', '157875196366160022', '皮蛋粥', 0.01, 2, '//fuss10.elemecdn.com/0/49/65d10ef215d3c770ebb2b5ea962a7jpeg.jpeg', '2018-10-14 16:35:28', '2018-10-14 16:35:28');
INSERT INTO `order_detail` VALUES ('1539536434508359192', '1539536433976711824', '157875196366160022', '皮蛋粥', 0.01, 2, '//fuss10.elemecdn.com/0/49/65d10ef215d3c770ebb2b5ea962a7jpeg.jpeg', '2018-10-14 17:00:33', '2018-10-14 17:00:33');
INSERT INTO `order_detail` VALUES ('1539536502669692484', '1539536501543328810', '157875196366160022', '皮蛋粥', 0.01, 2, '//fuss10.elemecdn.com/0/49/65d10ef215d3c770ebb2b5ea962a7jpeg.jpeg', '2018-10-14 17:02:11', '2018-10-14 17:02:11');
INSERT INTO `order_detail` VALUES ('1545205680143260832', '1545205680104641294', '157875196366160022', '皮蛋粥', 0.01, 2, '//fuss10.elemecdn.com/0/49/65d10ef215d3c770ebb2b5ea962a7jpeg.jpeg', '2018-12-19 15:48:01', '2018-12-19 15:48:01');
INSERT INTO `order_detail` VALUES ('1545205680253637652', '1545205680104641294', '164103465734242707', '蜜汁鸡翅', 0.02, 2, '//fuss10.elemecdn.com/7/4a/f307f56216b03f067155aec8b124ejpeg.jpeg', '2018-12-19 15:48:01', '2018-12-19 15:48:01');
INSERT INTO `order_detail` VALUES ('1545205682262584987', '1545205682251478731', '157875196366160022', '皮蛋粥', 0.01, 2, '//fuss10.elemecdn.com/0/49/65d10ef215d3c770ebb2b5ea962a7jpeg.jpeg', '2018-12-19 15:48:02', '2018-12-19 15:48:02');
INSERT INTO `order_detail` VALUES ('1545205682264707718', '1545205682251478731', '164103465734242707', '蜜汁鸡翅', 0.02, 2, '//fuss10.elemecdn.com/7/4a/f307f56216b03f067155aec8b124ejpeg.jpeg', '2018-12-19 15:48:02', '2018-12-19 15:48:02');
INSERT INTO `order_detail` VALUES ('1545205682699213721', '1545205682677737777', '157875196366160022', '皮蛋粥', 0.01, 2, '//fuss10.elemecdn.com/0/49/65d10ef215d3c770ebb2b5ea962a7jpeg.jpeg', '2018-12-19 15:48:03', '2018-12-19 15:48:03');
INSERT INTO `order_detail` VALUES ('1545205682701818097', '1545205682677737777', '164103465734242707', '蜜汁鸡翅', 0.02, 2, '//fuss10.elemecdn.com/7/4a/f307f56216b03f067155aec8b124ejpeg.jpeg', '2018-12-19 15:48:03', '2018-12-19 15:48:03');
INSERT INTO `order_detail` VALUES ('1545205683168495797', '1545205683155186246', '157875196366160022', '皮蛋粥', 0.01, 2, '//fuss10.elemecdn.com/0/49/65d10ef215d3c770ebb2b5ea962a7jpeg.jpeg', '2018-12-19 15:48:03', '2018-12-19 15:48:03');
INSERT INTO `order_detail` VALUES ('1545205683171213959', '1545205683155186246', '164103465734242707', '蜜汁鸡翅', 0.02, 2, '//fuss10.elemecdn.com/7/4a/f307f56216b03f067155aec8b124ejpeg.jpeg', '2018-12-19 15:48:03', '2018-12-19 15:48:03');
INSERT INTO `order_detail` VALUES ('1547606704990830784', '1547606704902792023', '157875196366160022', '皮蛋粥', 0.01, 2, '//fuss10.elemecdn.com/0/49/65d10ef215d3c770ebb2b5ea962a7jpeg.jpeg', '2019-01-16 10:45:06', '2019-01-16 10:45:06');
INSERT INTO `order_detail` VALUES ('1547606705414255713', '1547606704902792023', '164103465734242707', '蜜汁鸡翅', 0.02, 2, '//fuss10.elemecdn.com/7/4a/f307f56216b03f067155aec8b124ejpeg.jpeg', '2019-01-16 10:45:06', '2019-01-16 10:45:06');
INSERT INTO `order_detail` VALUES ('1547606712119526826', '1547606712106160254', '157875196366160022', '皮蛋粥', 0.01, 2, '//fuss10.elemecdn.com/0/49/65d10ef215d3c770ebb2b5ea962a7jpeg.jpeg', '2019-01-16 10:45:12', '2019-01-16 10:45:12');
INSERT INTO `order_detail` VALUES ('1547606712121367243', '1547606712106160254', '164103465734242707', '蜜汁鸡翅', 0.02, 2, '//fuss10.elemecdn.com/7/4a/f307f56216b03f067155aec8b124ejpeg.jpeg', '2019-01-16 10:45:12', '2019-01-16 10:45:12');
INSERT INTO `order_detail` VALUES ('1547606714691659238', '1547606714678633435', '157875196366160022', '皮蛋粥', 0.01, 2, '//fuss10.elemecdn.com/0/49/65d10ef215d3c770ebb2b5ea962a7jpeg.jpeg', '2019-01-16 10:45:15', '2019-01-16 10:45:15');
INSERT INTO `order_detail` VALUES ('1547606714694197731', '1547606714678633435', '164103465734242707', '蜜汁鸡翅', 0.02, 2, '//fuss10.elemecdn.com/7/4a/f307f56216b03f067155aec8b124ejpeg.jpeg', '2019-01-16 10:45:15', '2019-01-16 10:45:15');
INSERT INTO `order_detail` VALUES ('1547606716044634314', '1547606716033544383', '157875196366160022', '皮蛋粥', 0.01, 2, '//fuss10.elemecdn.com/0/49/65d10ef215d3c770ebb2b5ea962a7jpeg.jpeg', '2019-01-16 10:45:16', '2019-01-16 10:45:16');
INSERT INTO `order_detail` VALUES ('1547606716050598461', '1547606716033544383', '164103465734242707', '蜜汁鸡翅', 0.02, 2, '//fuss10.elemecdn.com/7/4a/f307f56216b03f067155aec8b124ejpeg.jpeg', '2019-01-16 10:45:16', '2019-01-16 10:45:16');
INSERT INTO `order_detail` VALUES ('1547606717004310902', '1547606716994734901', '157875196366160022', '皮蛋粥', 0.01, 2, '//fuss10.elemecdn.com/0/49/65d10ef215d3c770ebb2b5ea962a7jpeg.jpeg', '2019-01-16 10:45:17', '2019-01-16 10:45:17');
INSERT INTO `order_detail` VALUES ('1547606717006882385', '1547606716994734901', '164103465734242707', '蜜汁鸡翅', 0.02, 2, '//fuss10.elemecdn.com/7/4a/f307f56216b03f067155aec8b124ejpeg.jpeg', '2019-01-16 10:45:17', '2019-01-16 10:45:17');
INSERT INTO `order_detail` VALUES ('1547606717869964712', '1547606717857572270', '157875196366160022', '皮蛋粥', 0.01, 2, '//fuss10.elemecdn.com/0/49/65d10ef215d3c770ebb2b5ea962a7jpeg.jpeg', '2019-01-16 10:45:18', '2019-01-16 10:45:18');
INSERT INTO `order_detail` VALUES ('1547606717871986293', '1547606717857572270', '164103465734242707', '蜜汁鸡翅', 0.02, 2, '//fuss10.elemecdn.com/7/4a/f307f56216b03f067155aec8b124ejpeg.jpeg', '2019-01-16 10:45:18', '2019-01-16 10:45:18');
INSERT INTO `order_detail` VALUES ('1547606718408396175', '1547606718398698664', '157875196366160022', '皮蛋粥', 0.01, 2, '//fuss10.elemecdn.com/0/49/65d10ef215d3c770ebb2b5ea962a7jpeg.jpeg', '2019-01-16 10:45:18', '2019-01-16 10:45:18');
INSERT INTO `order_detail` VALUES ('1547606718411565397', '1547606718398698664', '164103465734242707', '蜜汁鸡翅', 0.02, 2, '//fuss10.elemecdn.com/7/4a/f307f56216b03f067155aec8b124ejpeg.jpeg', '2019-01-16 10:45:18', '2019-01-16 10:45:18');
INSERT INTO `order_detail` VALUES ('1547606718808455145', '1547606718795843741', '157875196366160022', '皮蛋粥', 0.01, 2, '//fuss10.elemecdn.com/0/49/65d10ef215d3c770ebb2b5ea962a7jpeg.jpeg', '2019-01-16 10:45:19', '2019-01-16 10:45:19');
INSERT INTO `order_detail` VALUES ('1547606718812172930', '1547606718795843741', '164103465734242707', '蜜汁鸡翅', 0.02, 2, '//fuss10.elemecdn.com/7/4a/f307f56216b03f067155aec8b124ejpeg.jpeg', '2019-01-16 10:45:19', '2019-01-16 10:45:19');
INSERT INTO `order_detail` VALUES ('1547606719513617064', '1547606719500681114', '157875196366160022', '皮蛋粥', 0.01, 2, '//fuss10.elemecdn.com/0/49/65d10ef215d3c770ebb2b5ea962a7jpeg.jpeg', '2019-01-16 10:45:19', '2019-01-16 10:45:19');
INSERT INTO `order_detail` VALUES ('1547606719516761032', '1547606719500681114', '164103465734242707', '蜜汁鸡翅', 0.02, 2, '//fuss10.elemecdn.com/7/4a/f307f56216b03f067155aec8b124ejpeg.jpeg', '2019-01-16 10:45:19', '2019-01-16 10:45:19');
INSERT INTO `order_detail` VALUES ('1547606719967862615', '1547606719957911612', '157875196366160022', '皮蛋粥', 0.01, 2, '//fuss10.elemecdn.com/0/49/65d10ef215d3c770ebb2b5ea962a7jpeg.jpeg', '2019-01-16 10:45:20', '2019-01-16 10:45:20');
INSERT INTO `order_detail` VALUES ('1547606719969628703', '1547606719957911612', '164103465734242707', '蜜汁鸡翅', 0.02, 2, '//fuss10.elemecdn.com/7/4a/f307f56216b03f067155aec8b124ejpeg.jpeg', '2019-01-16 10:45:20', '2019-01-16 10:45:20');
INSERT INTO `order_detail` VALUES ('1547606720331606960', '1547606720320885267', '157875196366160022', '皮蛋粥', 0.01, 2, '//fuss10.elemecdn.com/0/49/65d10ef215d3c770ebb2b5ea962a7jpeg.jpeg', '2019-01-16 10:45:20', '2019-01-16 10:45:20');
INSERT INTO `order_detail` VALUES ('1547606720333952708', '1547606720320885267', '164103465734242707', '蜜汁鸡翅', 0.02, 2, '//fuss10.elemecdn.com/7/4a/f307f56216b03f067155aec8b124ejpeg.jpeg', '2019-01-16 10:45:20', '2019-01-16 10:45:20');
INSERT INTO `order_detail` VALUES ('1547606720685351560', '1547606720677223929', '157875196366160022', '皮蛋粥', 0.01, 2, '//fuss10.elemecdn.com/0/49/65d10ef215d3c770ebb2b5ea962a7jpeg.jpeg', '2019-01-16 10:45:21', '2019-01-16 10:45:21');
INSERT INTO `order_detail` VALUES ('1547606720687106525', '1547606720677223929', '164103465734242707', '蜜汁鸡翅', 0.02, 2, '//fuss10.elemecdn.com/7/4a/f307f56216b03f067155aec8b124ejpeg.jpeg', '2019-01-16 10:45:21', '2019-01-16 10:45:21');
INSERT INTO `order_detail` VALUES ('1547606721079114464', '1547606721071928293', '157875196366160022', '皮蛋粥', 0.01, 2, '//fuss10.elemecdn.com/0/49/65d10ef215d3c770ebb2b5ea962a7jpeg.jpeg', '2019-01-16 10:45:21', '2019-01-16 10:45:21');
INSERT INTO `order_detail` VALUES ('1547606721082228073', '1547606721071928293', '164103465734242707', '蜜汁鸡翅', 0.02, 2, '//fuss10.elemecdn.com/7/4a/f307f56216b03f067155aec8b124ejpeg.jpeg', '2019-01-16 10:45:21', '2019-01-16 10:45:21');
INSERT INTO `order_detail` VALUES ('1558521264430247827', '1558521263479797108', '157875196366160022', '皮蛋粥', 0.01, 2, '//fuss10.elemecdn.com/0/49/65d10ef215d3c770ebb2b5ea962a7jpeg.jpeg', '2019-05-22 10:34:58', '2019-05-22 10:34:58');
INSERT INTO `order_detail` VALUES ('1558521278375760070', '1558521278251741372', '157875196366160022', '皮蛋粥', 0.01, 2, '//fuss10.elemecdn.com/0/49/65d10ef215d3c770ebb2b5ea962a7jpeg.jpeg', '2019-05-22 10:35:12', '2019-05-22 10:35:12');
INSERT INTO `order_detail` VALUES ('1558521281701492510', '1558521281581239557', '157875196366160022', '皮蛋粥', 0.01, 2, '//fuss10.elemecdn.com/0/49/65d10ef215d3c770ebb2b5ea962a7jpeg.jpeg', '2019-05-22 10:35:15', '2019-05-22 10:35:15');
INSERT INTO `order_detail` VALUES ('1558521282983260747', '1558521282864543696', '157875196366160022', '皮蛋粥', 0.01, 2, '//fuss10.elemecdn.com/0/49/65d10ef215d3c770ebb2b5ea962a7jpeg.jpeg', '2019-05-22 10:35:16', '2019-05-22 10:35:16');
INSERT INTO `order_detail` VALUES ('1558521284413815816', '1558521284294310204', '157875196366160022', '皮蛋粥', 0.01, 2, '//fuss10.elemecdn.com/0/49/65d10ef215d3c770ebb2b5ea962a7jpeg.jpeg', '2019-05-22 10:35:18', '2019-05-22 10:35:18');
INSERT INTO `order_detail` VALUES ('1558521286498349206', '1558521286379685708', '157875196366160022', '皮蛋粥', 0.01, 2, '//fuss10.elemecdn.com/0/49/65d10ef215d3c770ebb2b5ea962a7jpeg.jpeg', '2019-05-22 10:35:20', '2019-05-22 10:35:20');
INSERT INTO `order_detail` VALUES ('1558602419372728679', '1558602419056340102', '157875196366160022', '皮蛋粥', 0.01, 2, '//fuss10.elemecdn.com/0/49/65d10ef215d3c770ebb2b5ea962a7jpeg.jpeg', '2019-05-23 09:07:34', '2019-05-23 09:07:34');
INSERT INTO `order_detail` VALUES ('1558602424496729731', '1558602424383586451', '157875196366160022', '皮蛋粥', 0.01, 2, '//fuss10.elemecdn.com/0/49/65d10ef215d3c770ebb2b5ea962a7jpeg.jpeg', '2019-05-23 09:07:39', '2019-05-23 09:07:39');
INSERT INTO `order_detail` VALUES ('1558602426237459900', '1558602426125282974', '157875196366160022', '皮蛋粥', 0.01, 2, '//fuss10.elemecdn.com/0/49/65d10ef215d3c770ebb2b5ea962a7jpeg.jpeg', '2019-05-23 09:07:40', '2019-05-23 09:07:40');
INSERT INTO `order_detail` VALUES ('1558602427379344485', '1558602427265582344', '157875196366160022', '皮蛋粥', 0.01, 2, '//fuss10.elemecdn.com/0/49/65d10ef215d3c770ebb2b5ea962a7jpeg.jpeg', '2019-05-23 09:07:41', '2019-05-23 09:07:41');
INSERT INTO `order_detail` VALUES ('1558602562503847876', '1558602562366985433', '157875196366160022', '皮蛋粥', 0.01, 2, '//fuss10.elemecdn.com/0/49/65d10ef215d3c770ebb2b5ea962a7jpeg.jpeg', '2019-05-23 09:09:57', '2019-05-23 09:09:57');
INSERT INTO `order_detail` VALUES ('1558602583117260969', '1558602582994624443', '157875196366160022', '皮蛋粥', 0.01, 2, '//fuss10.elemecdn.com/0/49/65d10ef215d3c770ebb2b5ea962a7jpeg.jpeg', '2019-05-23 09:10:17', '2019-05-23 09:10:17');
INSERT INTO `order_detail` VALUES ('1558602584971177117', '1558602584832838561', '157875196366160022', '皮蛋粥', 0.01, 2, '//fuss10.elemecdn.com/0/49/65d10ef215d3c770ebb2b5ea962a7jpeg.jpeg', '2019-05-23 09:10:19', '2019-05-23 09:10:19');
INSERT INTO `order_detail` VALUES ('1558602754761187137', '1558602754609107772', '157875196366160022', '皮蛋粥', 0.01, 2, '//fuss10.elemecdn.com/0/49/65d10ef215d3c770ebb2b5ea962a7jpeg.jpeg', '2019-05-23 09:13:09', '2019-05-23 09:13:09');
INSERT INTO `order_detail` VALUES ('1558602758465946040', '1558602758345702761', '157875196366160022', '皮蛋粥', 0.01, 2, '//fuss10.elemecdn.com/0/49/65d10ef215d3c770ebb2b5ea962a7jpeg.jpeg', '2019-05-23 09:13:13', '2019-05-23 09:13:13');
INSERT INTO `order_detail` VALUES ('1558602781921548475', '1558602781778156303', '157875196366160022', '皮蛋粥', 0.01, 2, '//fuss10.elemecdn.com/0/49/65d10ef215d3c770ebb2b5ea962a7jpeg.jpeg', '2019-05-23 09:13:36', '2019-05-23 09:13:36');
INSERT INTO `order_detail` VALUES ('1558602879828676054', '1558602879082640242', '157875196366160022', '皮蛋粥', 0.01, 2, '//fuss10.elemecdn.com/0/49/65d10ef215d3c770ebb2b5ea962a7jpeg.jpeg', '2019-05-23 09:15:14', '2019-05-23 09:15:14');
INSERT INTO `order_detail` VALUES ('1558602885726153771', '1558602885600285084', '157875196366160022', '皮蛋粥', 0.01, 2, '//fuss10.elemecdn.com/0/49/65d10ef215d3c770ebb2b5ea962a7jpeg.jpeg', '2019-05-23 09:15:20', '2019-05-23 09:15:20');
INSERT INTO `order_detail` VALUES ('1558603326021813285', '1558603324409681024', '157875196366160022', '皮蛋粥', 0.01, 2, '//fuss10.elemecdn.com/0/49/65d10ef215d3c770ebb2b5ea962a7jpeg.jpeg', '2019-05-23 09:22:40', '2019-05-23 09:22:40');
INSERT INTO `order_detail` VALUES ('1558603421241628720', '1558603421075245283', '157875196366160022', '皮蛋粥', 0.01, 2, '//fuss10.elemecdn.com/0/49/65d10ef215d3c770ebb2b5ea962a7jpeg.jpeg', '2019-05-23 09:24:15', '2019-05-23 09:24:15');
INSERT INTO `order_detail` VALUES ('1558603429170424865', '1558603429032823192', '157875196366160022', '皮蛋粥', 0.01, 2, '//fuss10.elemecdn.com/0/49/65d10ef215d3c770ebb2b5ea962a7jpeg.jpeg', '2019-05-23 09:24:23', '2019-05-23 09:24:23');
INSERT INTO `order_detail` VALUES ('1558603484128575340', '1558603483978412344', '157875196366160022', '皮蛋粥', 0.01, 2, '//fuss10.elemecdn.com/0/49/65d10ef215d3c770ebb2b5ea962a7jpeg.jpeg', '2019-05-23 09:25:18', '2019-05-23 09:25:18');
INSERT INTO `order_detail` VALUES ('1558603486333111028', '1558603486195786430', '157875196366160022', '皮蛋粥', 0.01, 2, '//fuss10.elemecdn.com/0/49/65d10ef215d3c770ebb2b5ea962a7jpeg.jpeg', '2019-05-23 09:25:20', '2019-05-23 09:25:20');
INSERT INTO `order_detail` VALUES ('1558603488182250000', '1558603488068577744', '157875196366160022', '皮蛋粥', 0.01, 2, '//fuss10.elemecdn.com/0/49/65d10ef215d3c770ebb2b5ea962a7jpeg.jpeg', '2019-05-23 09:25:22', '2019-05-23 09:25:22');
INSERT INTO `order_detail` VALUES ('1558603490148920213', '1558603490034499708', '157875196366160022', '皮蛋粥', 0.01, 2, '//fuss10.elemecdn.com/0/49/65d10ef215d3c770ebb2b5ea962a7jpeg.jpeg', '2019-05-23 09:25:24', '2019-05-23 09:25:24');
INSERT INTO `order_detail` VALUES ('1558603506617966662', '1558603506485430777', '157875196366160022', '皮蛋粥', 0.01, 2, '//fuss10.elemecdn.com/0/49/65d10ef215d3c770ebb2b5ea962a7jpeg.jpeg', '2019-05-23 09:25:41', '2019-05-23 09:25:41');
INSERT INTO `order_detail` VALUES ('1558603566011220489', '1558603565868842127', '157875196366160022', '皮蛋粥', 0.01, 2, '//fuss10.elemecdn.com/0/49/65d10ef215d3c770ebb2b5ea962a7jpeg.jpeg', '2019-05-23 09:26:40', '2019-05-23 09:26:40');
INSERT INTO `order_detail` VALUES ('1558603573862610532', '1558603573747632930', '157875196366160022', '皮蛋粥', 0.01, 2, '//fuss10.elemecdn.com/0/49/65d10ef215d3c770ebb2b5ea962a7jpeg.jpeg', '2019-05-23 09:26:48', '2019-05-23 09:26:48');
INSERT INTO `order_detail` VALUES ('1558603575643215998', '1558603575534947046', '157875196366160022', '皮蛋粥', 0.01, 2, '//fuss10.elemecdn.com/0/49/65d10ef215d3c770ebb2b5ea962a7jpeg.jpeg', '2019-05-23 09:26:50', '2019-05-23 09:26:50');
INSERT INTO `order_detail` VALUES ('1558603577289793636', '1558603577181989337', '157875196366160022', '皮蛋粥', 0.01, 2, '//fuss10.elemecdn.com/0/49/65d10ef215d3c770ebb2b5ea962a7jpeg.jpeg', '2019-05-23 09:26:51', '2019-05-23 09:26:51');
INSERT INTO `order_detail` VALUES ('1558603606733661439', '1558603606610783010', '157875196366160022', '皮蛋粥', 0.01, 2, '//fuss10.elemecdn.com/0/49/65d10ef215d3c770ebb2b5ea962a7jpeg.jpeg', '2019-05-23 09:27:21', '2019-05-23 09:27:21');
INSERT INTO `order_detail` VALUES ('1558604403535248256', '1558604403042550676', '157875196366160022', '皮蛋粥', 0.01, 2, '//fuss10.elemecdn.com/0/49/65d10ef215d3c770ebb2b5ea962a7jpeg.jpeg', '2019-05-23 09:40:38', '2019-05-23 09:40:38');
INSERT INTO `order_detail` VALUES ('1558604451825710662', '1558604451724925987', '157875196366160022', '皮蛋粥', 0.01, 2, '//fuss10.elemecdn.com/0/49/65d10ef215d3c770ebb2b5ea962a7jpeg.jpeg', '2019-05-23 09:41:26', '2019-05-23 09:41:26');
INSERT INTO `order_detail` VALUES ('1558605480133555631', '1558605479989210118', '157875196366160022', '皮蛋粥', 0.01, 2, '//fuss10.elemecdn.com/0/49/65d10ef215d3c770ebb2b5ea962a7jpeg.jpeg', '2019-05-23 09:58:34', '2019-05-23 09:58:34');
INSERT INTO `order_detail` VALUES ('1558605486863464743', '1558605486750850973', '157875196366160022', '皮蛋粥', 0.01, 2, '//fuss10.elemecdn.com/0/49/65d10ef215d3c770ebb2b5ea962a7jpeg.jpeg', '2019-05-23 09:58:41', '2019-05-23 09:58:41');
INSERT INTO `order_detail` VALUES ('1558632399277103385', '1558632398851659653', '157875196366160022', '皮蛋粥', 0.01, 2, '//fuss10.elemecdn.com/0/49/65d10ef215d3c770ebb2b5ea962a7jpeg.jpeg', '2019-05-23 17:27:14', '2019-05-23 17:27:14');
INSERT INTO `order_detail` VALUES ('1558632501799240596', '1558632501697153373', '157875196366160022', '皮蛋粥', 0.01, 2, '//fuss10.elemecdn.com/0/49/65d10ef215d3c770ebb2b5ea962a7jpeg.jpeg', '2019-05-23 17:28:56', '2019-05-23 17:28:56');
INSERT INTO `order_detail` VALUES ('1558632510217890503', '1558632510116855719', '157875196366160022', '皮蛋粥', 0.01, 2, '//fuss10.elemecdn.com/0/49/65d10ef215d3c770ebb2b5ea962a7jpeg.jpeg', '2019-05-23 17:29:04', '2019-05-23 17:29:04');
INSERT INTO `order_detail` VALUES ('1558632517961894764', '1558632517859526271', '157875196366160022', '皮蛋粥', 0.01, 2, '//fuss10.elemecdn.com/0/49/65d10ef215d3c770ebb2b5ea962a7jpeg.jpeg', '2019-05-23 17:29:12', '2019-05-23 17:29:12');
INSERT INTO `order_detail` VALUES ('1558668323688521587', '1558668323015318354', '157875196366160022', '皮蛋粥', 0.01, 2, '//fuss10.elemecdn.com/0/49/65d10ef215d3c770ebb2b5ea962a7jpeg.jpeg', '2019-05-24 03:25:59', '2019-05-24 03:25:59');
INSERT INTO `order_detail` VALUES ('1558668325908838796', '1558668325797322932', '157875196366160022', '皮蛋粥', 0.01, 2, '//fuss10.elemecdn.com/0/49/65d10ef215d3c770ebb2b5ea962a7jpeg.jpeg', '2019-05-24 03:26:02', '2019-05-24 03:26:02');
INSERT INTO `order_detail` VALUES ('1558674515469974699', '1558674515083269107', '157875196366160022', '皮蛋粥', 0.01, 2, '//fuss10.elemecdn.com/0/49/65d10ef215d3c770ebb2b5ea962a7jpeg.jpeg', '2019-05-24 05:09:11', '2019-05-24 05:09:11');
INSERT INTO `order_detail` VALUES ('1558674520497597268', '1558674520371785774', '157875196366160022', '皮蛋粥', 0.01, 2, '//fuss10.elemecdn.com/0/49/65d10ef215d3c770ebb2b5ea962a7jpeg.jpeg', '2019-05-24 05:09:16', '2019-05-24 05:09:16');
INSERT INTO `order_detail` VALUES ('1558691042816462684', '1558691042039240156', '157875196366160022', '皮蛋粥', 0.01, 2, '//fuss10.elemecdn.com/0/49/65d10ef215d3c770ebb2b5ea962a7jpeg.jpeg', '2019-05-24 09:44:39', '2019-05-24 09:44:39');
INSERT INTO `order_detail` VALUES ('1558691045188477054', '1558691045081595591', '157875196366160022', '皮蛋粥', 0.01, 2, '//fuss10.elemecdn.com/0/49/65d10ef215d3c770ebb2b5ea962a7jpeg.jpeg', '2019-05-24 09:44:41', '2019-05-24 09:44:41');
INSERT INTO `order_detail` VALUES ('1558693728514607995', '1558693728383726605', '157875196366160022', '皮蛋粥', 0.01, 2, '//fuss10.elemecdn.com/0/49/65d10ef215d3c770ebb2b5ea962a7jpeg.jpeg', '2019-05-24 10:29:24', '2019-05-24 10:29:24');
INSERT INTO `order_detail` VALUES ('1558693731281256831', '1558693731176645633', '157875196366160022', '皮蛋粥', 0.01, 2, '//fuss10.elemecdn.com/0/49/65d10ef215d3c770ebb2b5ea962a7jpeg.jpeg', '2019-05-24 10:29:27', '2019-05-24 10:29:27');
INSERT INTO `order_detail` VALUES ('1558693744192911607', '1558693744079835436', '157875196366160022', '皮蛋粥', 0.01, 2, '//fuss10.elemecdn.com/0/49/65d10ef215d3c770ebb2b5ea962a7jpeg.jpeg', '2019-05-24 10:29:40', '2019-05-24 10:29:40');
INSERT INTO `order_detail` VALUES ('1558694384045591758', '1558694383913487291', '157875196366160022', '皮蛋粥', 0.01, 2, '//fuss10.elemecdn.com/0/49/65d10ef215d3c770ebb2b5ea962a7jpeg.jpeg', '2019-05-24 10:40:20', '2019-05-24 10:40:20');
INSERT INTO `order_detail` VALUES ('1558694387139937654', '1558694387032851616', '157875196366160022', '皮蛋粥', 0.01, 2, '//fuss10.elemecdn.com/0/49/65d10ef215d3c770ebb2b5ea962a7jpeg.jpeg', '2019-05-24 10:40:23', '2019-05-24 10:40:23');
INSERT INTO `order_detail` VALUES ('1558694472934697837', '1558694472822996965', '157875196366160022', '皮蛋粥', 0.01, 2, '//fuss10.elemecdn.com/0/49/65d10ef215d3c770ebb2b5ea962a7jpeg.jpeg', '2019-05-24 10:41:49', '2019-05-24 10:41:49');
INSERT INTO `order_detail` VALUES ('1558694474981121291', '1558694474869823923', '157875196366160022', '皮蛋粥', 0.01, 2, '//fuss10.elemecdn.com/0/49/65d10ef215d3c770ebb2b5ea962a7jpeg.jpeg', '2019-05-24 10:41:51', '2019-05-24 10:41:51');
INSERT INTO `order_detail` VALUES ('1558694476747725622', '1558694476636571011', '157875196366160022', '皮蛋粥', 0.01, 2, '//fuss10.elemecdn.com/0/49/65d10ef215d3c770ebb2b5ea962a7jpeg.jpeg', '2019-05-24 10:41:52', '2019-05-24 10:41:52');
INSERT INTO `order_detail` VALUES ('1558694478324782782', '1558694478218735180', '157875196366160022', '皮蛋粥', 0.01, 2, '//fuss10.elemecdn.com/0/49/65d10ef215d3c770ebb2b5ea962a7jpeg.jpeg', '2019-05-24 10:41:54', '2019-05-24 10:41:54');
INSERT INTO `order_detail` VALUES ('1558695084212211372', '1558695083076666648', '157875196366160022', '皮蛋粥', 0.01, 2, '//fuss10.elemecdn.com/0/49/65d10ef215d3c770ebb2b5ea962a7jpeg.jpeg', '2019-05-24 10:52:00', '2019-05-24 10:52:00');
INSERT INTO `order_detail` VALUES ('1558695112613712997', '1558695112488328822', '157875196366160022', '皮蛋粥', 0.01, 2, '//fuss10.elemecdn.com/0/49/65d10ef215d3c770ebb2b5ea962a7jpeg.jpeg', '2019-05-24 10:52:28', '2019-05-24 10:52:28');
INSERT INTO `order_detail` VALUES ('1558696405155538361', '1558696404022909577', '157875196366160022', '皮蛋粥', 0.01, 2, '//fuss10.elemecdn.com/0/49/65d10ef215d3c770ebb2b5ea962a7jpeg.jpeg', '2019-05-24 11:14:01', '2019-05-24 11:14:01');
INSERT INTO `order_detail` VALUES ('1558697966314617351', '1558697966069257811', '157875196366160022', '皮蛋粥', 0.01, 2, '//fuss10.elemecdn.com/0/49/65d10ef215d3c770ebb2b5ea962a7jpeg.jpeg', '2019-05-24 11:40:02', '2019-05-24 11:40:02');
INSERT INTO `order_detail` VALUES ('1558697969326475585', '1558697969209957703', '157875196366160022', '皮蛋粥', 0.01, 2, '//fuss10.elemecdn.com/0/49/65d10ef215d3c770ebb2b5ea962a7jpeg.jpeg', '2019-05-24 11:40:05', '2019-05-24 11:40:05');
INSERT INTO `order_detail` VALUES ('1558767282862199812', '1558767282750254878', '157875196366160022', '皮蛋粥', 0.01, 2, '//fuss10.elemecdn.com/0/49/65d10ef215d3c770ebb2b5ea962a7jpeg.jpeg', '2019-05-25 06:55:16', '2019-05-25 06:55:16');
INSERT INTO `order_detail` VALUES ('1558767287558347939', '1558767287461380392', '157875196366160022', '皮蛋粥', 0.01, 2, '//fuss10.elemecdn.com/0/49/65d10ef215d3c770ebb2b5ea962a7jpeg.jpeg', '2019-05-25 06:55:20', '2019-05-25 06:55:20');
INSERT INTO `order_detail` VALUES ('1558767291554202510', '1558767291455208880', '157875196366160022', '皮蛋粥', 0.01, 2, '//fuss10.elemecdn.com/0/49/65d10ef215d3c770ebb2b5ea962a7jpeg.jpeg', '2019-05-25 06:55:24', '2019-05-25 06:55:24');
INSERT INTO `order_detail` VALUES ('1558767299435784203', '1558767299334141376', '157875196366160022', '皮蛋粥', 0.01, 2, '//fuss10.elemecdn.com/0/49/65d10ef215d3c770ebb2b5ea962a7jpeg.jpeg', '2019-05-25 06:55:32', '2019-05-25 06:55:32');
INSERT INTO `order_detail` VALUES ('1558769406084881748', '1558769405196795167', '157875196366160022', '皮蛋粥', 0.01, 2, '//fuss10.elemecdn.com/0/49/65d10ef215d3c770ebb2b5ea962a7jpeg.jpeg', '2019-05-25 07:30:39', '2019-05-25 07:30:39');
INSERT INTO `order_detail` VALUES ('1558769460625500394', '1558769460516199467', '157875196366160022', '皮蛋粥', 0.01, 2, '//fuss10.elemecdn.com/0/49/65d10ef215d3c770ebb2b5ea962a7jpeg.jpeg', '2019-05-25 07:31:33', '2019-05-25 07:31:33');
INSERT INTO `order_detail` VALUES ('1558769464098501966', '1558769463988613763', '157875196366160022', '皮蛋粥', 0.01, 2, '//fuss10.elemecdn.com/0/49/65d10ef215d3c770ebb2b5ea962a7jpeg.jpeg', '2019-05-25 07:31:37', '2019-05-25 07:31:37');
INSERT INTO `order_detail` VALUES ('1558769469139569051', '1558769469029706185', '157875196366160022', '皮蛋粥', 0.01, 2, '//fuss10.elemecdn.com/0/49/65d10ef215d3c770ebb2b5ea962a7jpeg.jpeg', '2019-05-25 07:31:42', '2019-05-25 07:31:42');
INSERT INTO `order_detail` VALUES ('1558769526231344225', '1558769526127866757', '157875196366160022', '皮蛋粥', 0.01, 2, '//fuss10.elemecdn.com/0/49/65d10ef215d3c770ebb2b5ea962a7jpeg.jpeg', '2019-05-25 07:32:39', '2019-05-25 07:32:39');
INSERT INTO `order_detail` VALUES ('1558769528481759075', '1558769528364640621', '157875196366160022', '皮蛋粥', 0.01, 2, '//fuss10.elemecdn.com/0/49/65d10ef215d3c770ebb2b5ea962a7jpeg.jpeg', '2019-05-25 07:32:41', '2019-05-25 07:32:41');
INSERT INTO `order_detail` VALUES ('1558769530309503885', '1558769530201511101', '157875196366160022', '皮蛋粥', 0.01, 2, '//fuss10.elemecdn.com/0/49/65d10ef215d3c770ebb2b5ea962a7jpeg.jpeg', '2019-05-25 07:32:43', '2019-05-25 07:32:43');
INSERT INTO `order_detail` VALUES ('1558769532089489892', '1558769531982309002', '157875196366160022', '皮蛋粥', 0.01, 2, '//fuss10.elemecdn.com/0/49/65d10ef215d3c770ebb2b5ea962a7jpeg.jpeg', '2019-05-25 07:32:45', '2019-05-25 07:32:45');
INSERT INTO `order_detail` VALUES ('1558769533961154932', '1558769533859780427', '157875196366160022', '皮蛋粥', 0.01, 2, '//fuss10.elemecdn.com/0/49/65d10ef215d3c770ebb2b5ea962a7jpeg.jpeg', '2019-05-25 07:32:47', '2019-05-25 07:32:47');
INSERT INTO `order_detail` VALUES ('1558769535841151983', '1558769535737993445', '157875196366160022', '皮蛋粥', 0.01, 2, '//fuss10.elemecdn.com/0/49/65d10ef215d3c770ebb2b5ea962a7jpeg.jpeg', '2019-05-25 07:32:48', '2019-05-25 07:32:48');
INSERT INTO `order_detail` VALUES ('1558769537682631399', '1558769537579145291', '157875196366160022', '皮蛋粥', 0.01, 2, '//fuss10.elemecdn.com/0/49/65d10ef215d3c770ebb2b5ea962a7jpeg.jpeg', '2019-05-25 07:32:50', '2019-05-25 07:32:50');
INSERT INTO `order_detail` VALUES ('1558769609175509782', '1558769609071211956', '157875196366160022', '皮蛋粥', 0.01, 2, '//fuss10.elemecdn.com/0/49/65d10ef215d3c770ebb2b5ea962a7jpeg.jpeg', '2019-05-25 07:34:02', '2019-05-25 07:34:02');
INSERT INTO `order_detail` VALUES ('1558769863885206348', '1558769863446415874', '157875196366160022', '皮蛋粥', 0.01, 2, '//fuss10.elemecdn.com/0/49/65d10ef215d3c770ebb2b5ea962a7jpeg.jpeg', '2019-05-25 07:38:17', '2019-05-25 07:38:17');
INSERT INTO `order_detail` VALUES ('1558769867936762908', '1558769867816599871', '157875196366160022', '皮蛋粥', 0.01, 2, '//fuss10.elemecdn.com/0/49/65d10ef215d3c770ebb2b5ea962a7jpeg.jpeg', '2019-05-25 07:38:21', '2019-05-25 07:38:21');
INSERT INTO `order_detail` VALUES ('1558770154911855385', '1558770144393569906', '157875196366160022', '皮蛋粥', 0.01, 2, '//fuss10.elemecdn.com/0/49/65d10ef215d3c770ebb2b5ea962a7jpeg.jpeg', '2019-05-25 07:43:08', '2019-05-25 07:43:08');
INSERT INTO `order_detail` VALUES ('1558770168518158201', '1558770158407631991', '157875196366160022', '皮蛋粥', 0.01, 2, '//fuss10.elemecdn.com/0/49/65d10ef215d3c770ebb2b5ea962a7jpeg.jpeg', '2019-05-25 07:43:21', '2019-05-25 07:43:21');
INSERT INTO `order_detail` VALUES ('1558770420110813835', '1558770409774822030', '157875196366160022', '皮蛋粥', 0.01, 2, '//fuss10.elemecdn.com/0/49/65d10ef215d3c770ebb2b5ea962a7jpeg.jpeg', '2019-05-25 07:47:33', '2019-05-25 07:47:33');
INSERT INTO `order_detail` VALUES ('1558770434077475781', '1558770423966479024', '157875196366160022', '皮蛋粥', 0.01, 2, '//fuss10.elemecdn.com/0/49/65d10ef215d3c770ebb2b5ea962a7jpeg.jpeg', '2019-05-25 07:47:47', '2019-05-25 07:47:47');
INSERT INTO `order_detail` VALUES ('1558783841053958011', '1558783830496338140', '157875196366160022', '皮蛋粥', 0.01, 2, '//fuss10.elemecdn.com/0/49/65d10ef215d3c770ebb2b5ea962a7jpeg.jpeg', '2019-05-25 11:31:14', '2019-05-25 11:31:14');
INSERT INTO `order_detail` VALUES ('1558784333251167695', '1558784322442505484', '157875196366160022', '皮蛋粥', 0.01, 2, '//fuss10.elemecdn.com/0/49/65d10ef215d3c770ebb2b5ea962a7jpeg.jpeg', '2019-05-25 11:39:26', '2019-05-25 11:39:26');
INSERT INTO `order_detail` VALUES ('1558784342438711595', '1558784332329574284', '157875196366160022', '皮蛋粥', 0.01, 2, '//fuss10.elemecdn.com/0/49/65d10ef215d3c770ebb2b5ea962a7jpeg.jpeg', '2019-05-25 11:39:35', '2019-05-25 11:39:35');
INSERT INTO `order_detail` VALUES ('1558784350381939031', '1558784340271703928', '157875196366160022', '皮蛋粥', 0.01, 2, '//fuss10.elemecdn.com/0/49/65d10ef215d3c770ebb2b5ea962a7jpeg.jpeg', '2019-05-25 11:39:43', '2019-05-25 11:39:43');
INSERT INTO `order_detail` VALUES ('1558784364985521652', '1558784354869912564', '157875196366160022', '皮蛋粥', 0.01, 2, '//fuss10.elemecdn.com/0/49/65d10ef215d3c770ebb2b5ea962a7jpeg.jpeg', '2019-05-25 11:39:58', '2019-05-25 11:39:58');
INSERT INTO `order_detail` VALUES ('1558784374027469767', '1558784363920470150', '157875196366160022', '皮蛋粥', 0.01, 2, '//fuss10.elemecdn.com/0/49/65d10ef215d3c770ebb2b5ea962a7jpeg.jpeg', '2019-05-25 11:40:07', '2019-05-25 11:40:07');
INSERT INTO `order_detail` VALUES ('1558784400547350593', '1558784390437985558', '157875196366160022', '皮蛋粥', 0.01, 2, '//fuss10.elemecdn.com/0/49/65d10ef215d3c770ebb2b5ea962a7jpeg.jpeg', '2019-05-25 11:40:34', '2019-05-25 11:40:34');
INSERT INTO `order_detail` VALUES ('1558784686984564164', '1558784676763382851', '157875196366160022', '皮蛋粥', 0.01, 2, '//fuss10.elemecdn.com/0/49/65d10ef215d3c770ebb2b5ea962a7jpeg.jpeg', '2019-05-25 11:45:20', '2019-05-25 11:45:20');
INSERT INTO `order_detail` VALUES ('1558784689514108396', '1558784679405526586', '157875196366160022', '皮蛋粥', 0.01, 2, '//fuss10.elemecdn.com/0/49/65d10ef215d3c770ebb2b5ea962a7jpeg.jpeg', '2019-05-25 11:45:23', '2019-05-25 11:45:23');
INSERT INTO `order_detail` VALUES ('1558787941279325930', '1558787930132869986', '157875196366160022', '皮蛋粥', 0.01, 2, '//fuss10.elemecdn.com/0/49/65d10ef215d3c770ebb2b5ea962a7jpeg.jpeg', '2019-05-25 12:39:34', '2019-05-25 12:39:34');
INSERT INTO `order_detail` VALUES ('1558787954079778980', '1558787945964948575', '157875196366160022', '皮蛋粥', 0.01, 2, '//fuss10.elemecdn.com/0/49/65d10ef215d3c770ebb2b5ea962a7jpeg.jpeg', '2019-05-25 12:39:47', '2019-05-25 12:39:47');
INSERT INTO `order_detail` VALUES ('1558787974761715401', '1558787966646578199', '157875196366160022', '皮蛋粥', 0.01, 2, '//fuss10.elemecdn.com/0/49/65d10ef215d3c770ebb2b5ea962a7jpeg.jpeg', '2019-05-25 12:40:08', '2019-05-25 12:40:08');
INSERT INTO `order_detail` VALUES ('1558788120406292157', '1558788111956365079', '157875196366160022', '皮蛋粥', 0.01, 2, '//fuss10.elemecdn.com/0/49/65d10ef215d3c770ebb2b5ea962a7jpeg.jpeg', '2019-05-25 12:42:34', '2019-05-25 12:42:34');
INSERT INTO `order_detail` VALUES ('1558788133480281276', '1558788125364575367', '157875196366160022', '皮蛋粥', 0.01, 2, '//fuss10.elemecdn.com/0/49/65d10ef215d3c770ebb2b5ea962a7jpeg.jpeg', '2019-05-25 12:42:47', '2019-05-25 12:42:47');
INSERT INTO `order_detail` VALUES ('1558788149752587350', '1558788141636622071', '157875196366160022', '皮蛋粥', 0.01, 2, '//fuss10.elemecdn.com/0/49/65d10ef215d3c770ebb2b5ea962a7jpeg.jpeg', '2019-05-25 12:43:03', '2019-05-25 12:43:03');
INSERT INTO `order_detail` VALUES ('1558788224832943236', '1558788216467155418', '157875196366160022', '皮蛋粥', 0.01, 2, '//fuss10.elemecdn.com/0/49/65d10ef215d3c770ebb2b5ea962a7jpeg.jpeg', '2019-05-25 12:44:18', '2019-05-25 12:44:18');
INSERT INTO `order_detail` VALUES ('1558788235651461313', '1558788227540186204', '157875196366160022', '皮蛋粥', 0.01, 2, '//fuss10.elemecdn.com/0/49/65d10ef215d3c770ebb2b5ea962a7jpeg.jpeg', '2019-05-25 12:44:29', '2019-05-25 12:44:29');
INSERT INTO `order_detail` VALUES ('1558788279041572426', '1558788270930935201', '157875196366160022', '皮蛋粥', 0.01, 2, '//fuss10.elemecdn.com/0/49/65d10ef215d3c770ebb2b5ea962a7jpeg.jpeg', '2019-05-25 12:45:12', '2019-05-25 12:45:12');
INSERT INTO `order_detail` VALUES ('1558788508866648016', '1558788500603140036', '157875196366160022', '皮蛋粥', 0.01, 2, '//fuss10.elemecdn.com/0/49/65d10ef215d3c770ebb2b5ea962a7jpeg.jpeg', '2019-05-25 12:49:02', '2019-05-25 12:49:02');
INSERT INTO `order_detail` VALUES ('1558791649507177378', '1558791638707199074', '157875196366160022', '皮蛋粥', 0.01, 2, '//fuss10.elemecdn.com/0/49/65d10ef215d3c770ebb2b5ea962a7jpeg.jpeg', '2019-05-25 13:41:23', '2019-05-25 13:41:23');
INSERT INTO `order_detail` VALUES ('1558791681930773868', '1558791671813602224', '157875196366160022', '皮蛋粥', 0.01, 2, '//fuss10.elemecdn.com/0/49/65d10ef215d3c770ebb2b5ea962a7jpeg.jpeg', '2019-05-25 13:41:55', '2019-05-25 13:41:55');
INSERT INTO `order_detail` VALUES ('1558793719499712669', '1558793709209850960', '157875196366160022', '皮蛋粥', 0.01, 2, '//fuss10.elemecdn.com/0/49/65d10ef215d3c770ebb2b5ea962a7jpeg.jpeg', '2019-05-25 14:15:53', '2019-05-25 14:15:53');
INSERT INTO `order_detail` VALUES ('1558863663898250671', '1558863653341753272', '157875196366160022', '皮蛋粥', 0.01, 2, '//fuss10.elemecdn.com/0/49/65d10ef215d3c770ebb2b5ea962a7jpeg.jpeg', '2019-05-26 09:41:37', '2019-05-26 09:41:37');
INSERT INTO `order_detail` VALUES ('1558863677615987057', '1558863667473981704', '157875196366160022', '皮蛋粥', 0.01, 2, '//fuss10.elemecdn.com/0/49/65d10ef215d3c770ebb2b5ea962a7jpeg.jpeg', '2019-05-26 09:41:50', '2019-05-26 09:41:50');
INSERT INTO `order_detail` VALUES ('1558863714360517614', '1558863704256381046', '157875196366160022', '皮蛋粥', 0.01, 2, '//fuss10.elemecdn.com/0/49/65d10ef215d3c770ebb2b5ea962a7jpeg.jpeg', '2019-05-26 09:42:27', '2019-05-26 09:42:27');
INSERT INTO `order_detail` VALUES ('1558865744902801163', '1558865734421656750', '157875196366160022', '皮蛋粥', 0.01, 2, '//fuss10.elemecdn.com/0/49/65d10ef215d3c770ebb2b5ea962a7jpeg.jpeg', '2019-05-26 10:16:18', '2019-05-26 10:16:18');
INSERT INTO `order_detail` VALUES ('1558865854174562504', '1558865844065452989', '157875196366160022', '皮蛋粥', 0.01, 2, '//fuss10.elemecdn.com/0/49/65d10ef215d3c770ebb2b5ea962a7jpeg.jpeg', '2019-05-26 10:18:07', '2019-05-26 10:18:07');
INSERT INTO `order_detail` VALUES ('1558866180971257921', '1558866170845313464', '157875196366160022', '皮蛋粥', 0.01, 2, '//fuss10.elemecdn.com/0/49/65d10ef215d3c770ebb2b5ea962a7jpeg.jpeg', '2019-05-26 10:23:34', '2019-05-26 10:23:34');
INSERT INTO `order_detail` VALUES ('1558878226359275878', '1558878215972137443', '157875196366160022', '皮蛋粥', 0.01, 2, '//fuss10.elemecdn.com/0/49/65d10ef215d3c770ebb2b5ea962a7jpeg.jpeg', '2019-05-26 13:44:20', '2019-05-26 13:44:20');
INSERT INTO `order_detail` VALUES ('1559050480840104842', '1559050470363406304', '157875196366160022', '皮蛋粥', 0.01, 2, '//fuss10.elemecdn.com/0/49/65d10ef215d3c770ebb2b5ea962a7jpeg.jpeg', '2019-05-28 13:35:19', '2019-05-28 13:35:19');
INSERT INTO `order_detail` VALUES ('1559547604889311335', '1559547594526614962', '157875196366160022', '皮蛋粥', 0.01, 2, '//fuss10.elemecdn.com/0/49/65d10ef215d3c770ebb2b5ea962a7jpeg.jpeg', '2019-06-03 07:40:07', '2019-06-03 07:40:07');
INSERT INTO `order_detail` VALUES ('1559547728727915263', '1559547718608516115', '157875196366160022', '皮蛋粥', 0.01, 2, '//fuss10.elemecdn.com/0/49/65d10ef215d3c770ebb2b5ea962a7jpeg.jpeg', '2019-06-03 07:42:10', '2019-06-03 07:42:10');
INSERT INTO `order_detail` VALUES ('1559547764239187391', '1559547754126304609', '157875196366160022', '皮蛋粥', 0.01, 2, '//fuss10.elemecdn.com/0/49/65d10ef215d3c770ebb2b5ea962a7jpeg.jpeg', '2019-06-03 07:42:46', '2019-06-03 07:42:46');
INSERT INTO `order_detail` VALUES ('1560765539575645697', '1560765529161615107', '157875196366160022', '皮蛋粥', 0.01, 2, '//fuss10.elemecdn.com/0/49/65d10ef215d3c770ebb2b5ea962a7jpeg.jpeg', '2019-06-17 09:59:08', '2019-06-17 09:59:08');
INSERT INTO `order_detail` VALUES ('1560765563026140568', '1560765552923492829', '157875196366160022', '皮蛋粥', 0.01, 2, '//fuss10.elemecdn.com/0/49/65d10ef215d3c770ebb2b5ea962a7jpeg.jpeg', '2019-06-17 09:59:32', '2019-06-17 09:59:32');
INSERT INTO `order_detail` VALUES ('1562226177576769419', '1562226167161826672', '157875196366160022', '皮蛋粥', 0.01, 2, '//fuss10.elemecdn.com/0/49/65d10ef215d3c770ebb2b5ea962a7jpeg.jpeg', '2019-07-04 07:43:01', '2019-07-04 07:43:01');
INSERT INTO `order_detail` VALUES ('1562226451572854865', '1562226441460560047', '157875196366160022', '皮蛋粥', 0.01, 2, '//fuss10.elemecdn.com/0/49/65d10ef215d3c770ebb2b5ea962a7jpeg.jpeg', '2019-07-04 07:47:35', '2019-07-04 07:47:35');
INSERT INTO `order_detail` VALUES ('1562226602402175105', '1562226592290169082', '157875196366160022', '皮蛋粥', 0.01, 2, '//fuss10.elemecdn.com/0/49/65d10ef215d3c770ebb2b5ea962a7jpeg.jpeg', '2019-07-04 07:50:06', '2019-07-04 07:50:06');
INSERT INTO `order_detail` VALUES ('1562226662185289314', '1562226652074195577', '157875196366160022', '皮蛋粥', 0.01, 2, '//fuss10.elemecdn.com/0/49/65d10ef215d3c770ebb2b5ea962a7jpeg.jpeg', '2019-07-04 07:51:06', '2019-07-04 07:51:06');
INSERT INTO `order_detail` VALUES ('1562226692533465618', '1562226682424629373', '157875196366160022', '皮蛋粥', 0.01, 2, '//fuss10.elemecdn.com/0/49/65d10ef215d3c770ebb2b5ea962a7jpeg.jpeg', '2019-07-04 07:51:36', '2019-07-04 07:51:36');
INSERT INTO `order_detail` VALUES ('1562911538294579153', '1562911527655617307', '157875196366160022', '皮蛋粥', 0.01, 2, '//fuss10.elemecdn.com/0/49/65d10ef215d3c770ebb2b5ea962a7jpeg.jpeg', '2019-07-12 06:05:38', '2019-07-12 06:05:38');
INSERT INTO `order_detail` VALUES ('1562911696582809312', '1562911686266808666', '157875196366160022', '皮蛋粥', 0.01, 2, '//fuss10.elemecdn.com/0/49/65d10ef215d3c770ebb2b5ea962a7jpeg.jpeg', '2019-07-12 06:08:16', '2019-07-12 06:08:16');

-- ----------------------------
-- Table structure for order_master
-- ----------------------------
DROP TABLE IF EXISTS `order_master`;
CREATE TABLE `order_master`  (
  `order_id` varchar(32) CHARACTER SET utf8 COLLATE utf8_general_ci NOT NULL,
  `buyer_name` varchar(32) CHARACTER SET utf8 COLLATE utf8_general_ci NOT NULL COMMENT '买家名字',
  `buyer_phone` varchar(32) CHARACTER SET utf8 COLLATE utf8_general_ci NOT NULL COMMENT '买家电话',
  `buyer_address` varchar(128) CHARACTER SET utf8 COLLATE utf8_general_ci NOT NULL COMMENT '买家地址',
  `buyer_openid` varchar(64) CHARACTER SET utf8 COLLATE utf8_general_ci NOT NULL COMMENT '买家微信openid',
  `order_amount` decimal(8, 2) NOT NULL COMMENT '订单总金额',
  `order_status` tinyint(3) NOT NULL DEFAULT 0 COMMENT '订单状态, 默认为新下单',
  `pay_status` tinyint(3) NOT NULL DEFAULT 0 COMMENT '支付状态, 默认未支付',
  `create_time` timestamp(0) NOT NULL DEFAULT CURRENT_TIMESTAMP COMMENT '创建时间',
  `update_time` timestamp(0) NOT NULL DEFAULT CURRENT_TIMESTAMP ON UPDATE CURRENT_TIMESTAMP(0) COMMENT '修改时间',
  PRIMARY KEY (`order_id`) USING BTREE,
  INDEX `idx_buyer_openid`(`buyer_openid`) USING BTREE
) ENGINE = InnoDB CHARACTER SET = utf8 COLLATE = utf8_general_ci ROW_FORMAT = Dynamic;

-- ----------------------------
-- Records of order_master
-- ----------------------------
INSERT INTO `order_master` VALUES ('1234567', '师兄', '1886131241241', '慕课网总部', '1101110', 2.50, 0, 0, '2018-10-07 14:36:50', '2018-10-07 14:36:50');
INSERT INTO `order_master` VALUES ('1539148341785575865', '张三', '18868822111', '慕课网总部', 'ew3euwhd7sjw9diwkq', 0.02, 0, 0, '2018-10-10 05:12:59', '2018-10-10 05:12:59');
INSERT INTO `order_master` VALUES ('1539148410848994242', '张三', '18868822111', '慕课网总部', 'ew3euwhd7sjw9diwkq', 0.02, 0, 0, '2018-10-10 05:13:54', '2018-10-10 05:13:54');
INSERT INTO `order_master` VALUES ('1539149450921721576', '张三', '18868822111', '慕课网总部', 'ew3euwhd7sjw9diwkq', 0.02, 0, 0, '2018-10-10 05:30:54', '2018-10-10 05:30:54');
INSERT INTO `order_master` VALUES ('1539534927856463163', '张三', '18868822111', '慕课网总部', 'ew3euwhd7sjw9diwkq', 0.02, 1, 0, '2018-10-14 08:35:28', '2018-10-14 08:35:28');
INSERT INTO `order_master` VALUES ('1539536433976711824', '张三', '18868822111', '慕课网总部', 'ew3euwhd7sjw9diwkq', 0.02, 0, 0, '2018-10-14 17:00:33', '2018-10-14 17:00:33');
INSERT INTO `order_master` VALUES ('1539536501543328810', '张三', '18868822111', '慕课网总部', 'ew3euwhd7sjw9diwkq', 0.02, 0, 0, '2018-10-14 17:02:12', '2018-10-14 17:02:12');
INSERT INTO `order_master` VALUES ('1545205680104641294', '张三', '15280975199', '四川省成都市成华区', 'adfadds', 0.06, 0, 0, '2018-12-19 15:48:01', '2018-12-19 15:48:01');
INSERT INTO `order_master` VALUES ('1545205682251478731', '张三', '15280975199', '四川省成都市成华区', 'adfadds', 0.06, 0, 0, '2018-12-19 15:48:02', '2018-12-19 15:48:02');
INSERT INTO `order_master` VALUES ('1545205682677737777', '张三', '15280975199', '四川省成都市成华区', 'adfadds', 0.06, 0, 0, '2018-12-19 15:48:03', '2018-12-19 15:48:03');
INSERT INTO `order_master` VALUES ('1545205683155186246', '张三', '15280975199', '四川省成都市成华区', 'adfadds', 0.06, 0, 0, '2018-12-19 15:48:04', '2018-12-19 15:48:04');
INSERT INTO `order_master` VALUES ('1547606704902792023', '张三', '15280975199', '四川省成都市成华区', 'adfadds', 0.06, 0, 0, '2019-01-16 10:45:06', '2019-01-16 10:45:06');
INSERT INTO `order_master` VALUES ('1547606712106160254', '张三', '15280975199', '四川省成都市成华区', 'adfadds', 0.06, 0, 0, '2019-01-16 10:45:12', '2019-01-16 10:45:12');
INSERT INTO `order_master` VALUES ('1547606714678633435', '张三', '15280975199', '四川省成都市成华区', 'adfadds', 0.06, 0, 0, '2019-01-16 10:45:15', '2019-01-16 10:45:15');
INSERT INTO `order_master` VALUES ('1547606716033544383', '张三', '15280975199', '四川省成都市成华区', 'adfadds', 0.06, 0, 0, '2019-01-16 10:45:16', '2019-01-16 10:45:16');
INSERT INTO `order_master` VALUES ('1547606716994734901', '张三', '15280975199', '四川省成都市成华区', 'adfadds', 0.06, 0, 0, '2019-01-16 10:45:17', '2019-01-16 10:45:17');
INSERT INTO `order_master` VALUES ('1547606717857572270', '张三', '15280975199', '四川省成都市成华区', 'adfadds', 0.06, 0, 0, '2019-01-16 10:45:18', '2019-01-16 10:45:18');
INSERT INTO `order_master` VALUES ('1547606718398698664', '张三', '15280975199', '四川省成都市成华区', 'adfadds', 0.06, 0, 0, '2019-01-16 10:45:18', '2019-01-16 10:45:18');
INSERT INTO `order_master` VALUES ('1547606718795843741', '张三', '15280975199', '四川省成都市成华区', 'adfadds', 0.06, 0, 0, '2019-01-16 10:45:19', '2019-01-16 10:45:19');
INSERT INTO `order_master` VALUES ('1547606719500681114', '张三', '15280975199', '四川省成都市成华区', 'adfadds', 0.06, 0, 0, '2019-01-16 10:45:20', '2019-01-16 10:45:20');
INSERT INTO `order_master` VALUES ('1547606719957911612', '张三', '15280975199', '四川省成都市成华区', 'adfadds', 0.06, 0, 0, '2019-01-16 10:45:20', '2019-01-16 10:45:20');
INSERT INTO `order_master` VALUES ('1547606720320885267', '张三', '15280975199', '四川省成都市成华区', 'adfadds', 0.06, 0, 0, '2019-01-16 10:45:20', '2019-01-16 10:45:20');
INSERT INTO `order_master` VALUES ('1547606720677223929', '张三', '15280975199', '四川省成都市成华区', 'adfadds', 0.06, 0, 0, '2019-01-16 10:45:21', '2019-01-16 10:45:21');
INSERT INTO `order_master` VALUES ('1547606721071928293', '张三', '15280975199', '四川省成都市成华区', 'adfadds', 0.06, 0, 0, '2019-01-16 10:45:21', '2019-01-16 10:45:21');
INSERT INTO `order_master` VALUES ('1558521263479797108', '张三', '15280975199', '北京', '123456789', 0.02, 0, 0, '2019-05-22 10:34:25', '2019-05-22 10:34:25');
INSERT INTO `order_master` VALUES ('1558521278251741372', '张三', '15280975199', '北京', '123456789', 0.02, 0, 0, '2019-05-22 10:34:39', '2019-05-22 10:34:39');
INSERT INTO `order_master` VALUES ('1558521281581239557', '张三', '15280975199', '北京', '123456789', 0.02, 0, 0, '2019-05-22 10:34:42', '2019-05-22 10:34:42');
INSERT INTO `order_master` VALUES ('1558521282864543696', '张三', '15280975199', '北京', '123456789', 0.02, 0, 0, '2019-05-22 10:34:44', '2019-05-22 10:34:44');
INSERT INTO `order_master` VALUES ('1558521284294310204', '张三', '15280975199', '北京', '123456789', 0.02, 0, 0, '2019-05-22 10:34:45', '2019-05-22 10:34:45');
INSERT INTO `order_master` VALUES ('1558521286379685708', '张三', '15280975199', '北京', '123456789', 0.02, 0, 0, '2019-05-22 10:34:47', '2019-05-22 10:34:47');
INSERT INTO `order_master` VALUES ('1558602419056340102', '张三', '15280975199', '北京', '123456789', 0.02, 0, 0, '2019-05-23 09:07:01', '2019-05-23 09:07:01');
INSERT INTO `order_master` VALUES ('1558602424383586451', '张三', '15280975199', '北京', '123456789', 0.02, 0, 0, '2019-05-23 09:07:05', '2019-05-23 09:07:05');
INSERT INTO `order_master` VALUES ('1558602426125282974', '张三', '15280975199', '北京', '123456789', 0.02, 0, 0, '2019-05-23 09:07:07', '2019-05-23 09:07:07');
INSERT INTO `order_master` VALUES ('1558602427265582344', '张三', '15280975199', '北京', '123456789', 0.02, 0, 0, '2019-05-23 09:07:08', '2019-05-23 09:07:08');
INSERT INTO `order_master` VALUES ('1558602582994624443', '张三', '15280975199', '北京', '123456789', 0.02, 0, 0, '2019-05-23 09:09:44', '2019-05-23 09:09:44');
INSERT INTO `order_master` VALUES ('1558602584832838561', '张三', '15280975199', '北京', '123456789', 0.02, 0, 0, '2019-05-23 09:09:46', '2019-05-23 09:09:46');
INSERT INTO `order_master` VALUES ('1558602754609107772', '张三', '15280975199', '北京', '123456789', 0.02, 0, 0, '2019-05-23 09:12:35', '2019-05-23 09:12:35');
INSERT INTO `order_master` VALUES ('1558602758345702761', '张三', '15280975199', '北京', '123456789', 0.02, 1, 0, '2019-05-23 01:12:39', '2019-05-23 01:12:39');
INSERT INTO `order_master` VALUES ('1558602781778156303', '张三', '15280975199', '北京', '123456789', 0.02, 0, 0, '2019-05-23 09:13:02', '2019-05-23 09:13:02');
INSERT INTO `order_master` VALUES ('1558602879082640242', '张三', '15280975199', '北京', '123456789', 0.02, 0, 0, '2019-05-23 09:14:40', '2019-05-23 09:14:40');
INSERT INTO `order_master` VALUES ('1558602885600285084', '张三', '15280975199', '北京', '123456789', 0.02, 0, 0, '2019-05-23 09:14:46', '2019-05-23 09:14:46');
INSERT INTO `order_master` VALUES ('1558603324409681024', '张三', '15280975199', '北京', '123456789', 0.02, 0, 0, '2019-05-23 09:22:07', '2019-05-23 09:22:07');
INSERT INTO `order_master` VALUES ('1558603421075245283', '张三', '15280975199', '北京', '123456789', 0.02, 0, 0, '2019-05-23 09:23:42', '2019-05-23 09:23:42');
INSERT INTO `order_master` VALUES ('1558603429032823192', '张三', '15280975199', '北京', '123456789', 0.02, 0, 0, '2019-05-23 09:23:50', '2019-05-23 09:23:50');
INSERT INTO `order_master` VALUES ('1558603483978412344', '张三', '15280975199', '北京', '123456789', 0.02, 1, 0, '2019-05-23 01:24:45', '2019-05-23 01:24:45');
INSERT INTO `order_master` VALUES ('1558603486195786430', '张三', '15280975199', '北京', '123456789', 0.02, 0, 0, '2019-05-23 09:24:47', '2019-05-23 09:24:47');
INSERT INTO `order_master` VALUES ('1558603488068577744', '张三', '15280975199', '北京', '123456789', 0.02, 1, 0, '2019-05-23 01:24:49', '2019-05-23 01:24:49');
INSERT INTO `order_master` VALUES ('1558603490034499708', '张三', '15280975199', '北京', '123456789', 0.02, 0, 0, '2019-05-23 09:24:51', '2019-05-23 09:24:51');
INSERT INTO `order_master` VALUES ('1558603506485430777', '张三', '15280975199', '北京', '123456789', 0.02, 0, 0, '2019-05-23 09:25:07', '2019-05-23 09:25:07');
INSERT INTO `order_master` VALUES ('1558603565868842127', '张三', '15280975199', '北京', '123456789', 0.02, 0, 0, '2019-05-23 09:26:07', '2019-05-23 09:26:07');
INSERT INTO `order_master` VALUES ('1558603573747632930', '张三', '15280975199', '北京', '123456789', 0.02, 0, 0, '2019-05-23 09:26:14', '2019-05-23 09:26:14');
INSERT INTO `order_master` VALUES ('1558603575534947046', '张三', '15280975199', '北京', '123456789', 0.02, 0, 0, '2019-05-23 09:26:16', '2019-05-23 09:26:16');
INSERT INTO `order_master` VALUES ('1558603577181989337', '张三', '15280975199', '北京', '123456789', 0.02, 0, 0, '2019-05-23 09:26:18', '2019-05-23 09:26:18');
INSERT INTO `order_master` VALUES ('1558603606610783010', '张三', '15280975199', '北京', '123456789', 0.02, 0, 0, '2019-05-23 09:26:47', '2019-05-23 09:26:47');
INSERT INTO `order_master` VALUES ('1558604403042550676', '张三', '15280975199', '北京', '123456789', 0.02, 0, 0, '2019-05-23 09:40:04', '2019-05-23 09:40:04');
INSERT INTO `order_master` VALUES ('1558604451724925987', '张三', '15280975199', '北京', '123456789', 0.02, 0, 0, '2019-05-23 09:41:07', '2019-05-23 09:41:07');
INSERT INTO `order_master` VALUES ('1558605479989210118', '张三', '15280975199', '北京', '123456789', 0.02, 0, 0, '2019-05-23 09:58:01', '2019-05-23 09:58:01');
INSERT INTO `order_master` VALUES ('1558605486750850973', '张三', '15280975199', '北京', '123456789', 0.02, 0, 0, '2019-05-23 09:58:07', '2019-05-23 09:58:07');
INSERT INTO `order_master` VALUES ('1558632398851659653', '张三', '15280975199', '北京', '123456789', 0.02, 0, 0, '2019-05-23 17:26:40', '2019-05-23 17:26:40');
INSERT INTO `order_master` VALUES ('1558632501697153373', '张三', '15280975199', '北京', '123456789', 0.02, 0, 0, '2019-05-23 17:28:22', '2019-05-23 17:28:22');
INSERT INTO `order_master` VALUES ('1558632510116855719', '张三', '15280975199', '北京', '123456789', 0.02, 0, 0, '2019-05-23 17:28:31', '2019-05-23 17:28:31');
INSERT INTO `order_master` VALUES ('1558632517859526271', '张三', '15280975199', '北京', '123456789', 0.02, 0, 0, '2019-05-23 17:28:38', '2019-05-23 17:28:38');
INSERT INTO `order_master` VALUES ('1558668323015318354', '张三', '15280975199', '北京', '123456789', 0.02, 0, 0, '2019-05-24 03:25:25', '2019-05-24 03:25:25');
INSERT INTO `order_master` VALUES ('1558668325797322932', '张三', '15280975199', '北京', '123456789', 0.02, 0, 0, '2019-05-24 03:25:26', '2019-05-24 03:25:26');
INSERT INTO `order_master` VALUES ('1558674515083269107', '张三', '15280975199', '北京', '123456789', 0.02, 0, 0, '2019-05-24 05:08:36', '2019-05-24 05:08:36');
INSERT INTO `order_master` VALUES ('1558674520371785774', '张三', '15280975199', '北京', '123456789', 0.02, 0, 0, '2019-05-24 05:08:41', '2019-05-24 05:08:41');
INSERT INTO `order_master` VALUES ('1558691042039240156', '张三', '15280975199', '北京', '123456789', 0.02, 0, 0, '2019-05-24 09:44:04', '2019-05-24 09:44:04');
INSERT INTO `order_master` VALUES ('1558691045081595591', '张三', '15280975199', '北京', '123456789', 0.02, 0, 0, '2019-05-24 09:44:06', '2019-05-24 09:44:06');
INSERT INTO `order_master` VALUES ('1558693728383726605', '张三', '15280975199', '北京', '123456789', 0.02, 0, 0, '2019-05-24 10:28:49', '2019-05-24 10:28:49');
INSERT INTO `order_master` VALUES ('1558693731176645633', '张三', '15280975199', '北京', '123456789', 0.02, 0, 0, '2019-05-24 10:28:52', '2019-05-24 10:28:52');
INSERT INTO `order_master` VALUES ('1558693744079835436', '张三', '15280975199', '北京', '123456789', 0.02, 0, 0, '2019-05-24 10:29:05', '2019-05-24 10:29:05');
INSERT INTO `order_master` VALUES ('1558694383913487291', '张三', '15280975199', '北京', '123456789', 0.02, 0, 0, '2019-05-24 10:39:45', '2019-05-24 10:39:45');
INSERT INTO `order_master` VALUES ('1558694387032851616', '张三', '15280975199', '北京', '123456789', 0.02, 0, 0, '2019-05-24 10:39:48', '2019-05-24 10:39:48');
INSERT INTO `order_master` VALUES ('1558694472822996965', '张三', '15280975199', '北京', '123456789', 0.02, 0, 0, '2019-05-24 10:41:13', '2019-05-24 10:41:13');
INSERT INTO `order_master` VALUES ('1558694474869823923', '张三', '15280975199', '北京', '123456789', 0.02, 0, 0, '2019-05-24 10:41:15', '2019-05-24 10:41:15');
INSERT INTO `order_master` VALUES ('1558694476636571011', '张三', '15280975199', '北京', '123456789', 0.02, 0, 0, '2019-05-24 10:41:17', '2019-05-24 10:41:17');
INSERT INTO `order_master` VALUES ('1558694478218735180', '张三', '15280975199', '北京', '123456789', 0.02, 0, 0, '2019-05-24 10:41:19', '2019-05-24 10:41:19');
INSERT INTO `order_master` VALUES ('1558695083076666648', '张三', '15280975199', '北京', '123456789', 0.02, 0, 0, '2019-05-24 10:51:25', '2019-05-24 10:51:25');
INSERT INTO `order_master` VALUES ('1558695112488328822', '张三', '15280975199', '北京', '123456789', 0.02, 0, 0, '2019-05-24 10:51:53', '2019-05-24 10:51:53');
INSERT INTO `order_master` VALUES ('1558696404022909577', '张三', '15280975199', '北京', '123456789', 0.02, 0, 0, '2019-05-24 11:13:26', '2019-05-24 11:13:26');
INSERT INTO `order_master` VALUES ('1558697966069257811', '张三', '15280975199', '北京', '123456789', 0.02, 0, 0, '2019-05-24 11:39:27', '2019-05-24 11:39:27');
INSERT INTO `order_master` VALUES ('1558697969209957703', '张三', '15280975199', '北京', '123456789', 0.02, 0, 0, '2019-05-24 11:39:30', '2019-05-24 11:39:30');
INSERT INTO `order_master` VALUES ('1558767282750254878', '张三', '15280975199', '北京', '123456789', 0.02, 0, 0, '2019-05-25 06:54:44', '2019-05-25 06:54:44');
INSERT INTO `order_master` VALUES ('1558767287461380392', '张三', '15280975199', '北京', '123456789', 0.02, 0, 0, '2019-05-25 06:54:48', '2019-05-25 06:54:48');
INSERT INTO `order_master` VALUES ('1558767291455208880', '张三', '15280975199', '北京', '123456789', 0.02, 0, 0, '2019-05-25 06:54:52', '2019-05-25 06:54:52');
INSERT INTO `order_master` VALUES ('1558767299334141376', '张三', '15280975199', '北京', '123456789', 0.02, 0, 0, '2019-05-25 06:55:00', '2019-05-25 06:55:00');
INSERT INTO `order_master` VALUES ('1558769405196795167', '张三', '15280975199', '北京', '123456789', 0.02, 0, 0, '2019-05-25 07:30:07', '2019-05-25 07:30:07');
INSERT INTO `order_master` VALUES ('1558769460516199467', '张三', '15280975199', '北京', '123456789', 0.02, 0, 0, '2019-05-25 07:31:01', '2019-05-25 07:31:01');
INSERT INTO `order_master` VALUES ('1558769463988613763', '张三', '15280975199', '北京', '123456789', 0.02, 0, 0, '2019-05-25 07:31:05', '2019-05-25 07:31:05');
INSERT INTO `order_master` VALUES ('1558769469029706185', '张三', '15280975199', '北京', '123456789', 0.02, 0, 0, '2019-05-25 07:31:10', '2019-05-25 07:31:10');
INSERT INTO `order_master` VALUES ('1558769526127866757', '张三', '15280975199', '北京', '123456789', 0.02, 0, 0, '2019-05-25 07:32:07', '2019-05-25 07:32:07');
INSERT INTO `order_master` VALUES ('1558769528364640621', '张三', '15280975199', '北京', '123456789', 0.02, 0, 0, '2019-05-25 07:32:09', '2019-05-25 07:32:09');
INSERT INTO `order_master` VALUES ('1558769530201511101', '张三', '15280975199', '北京', '123456789', 0.02, 0, 0, '2019-05-25 07:32:11', '2019-05-25 07:32:11');
INSERT INTO `order_master` VALUES ('1558769531982309002', '张三', '15280975199', '北京', '123456789', 0.02, 0, 0, '2019-05-25 07:32:13', '2019-05-25 07:32:13');
INSERT INTO `order_master` VALUES ('1558769533859780427', '张三', '15280975199', '北京', '123456789', 0.02, 0, 0, '2019-05-25 07:32:14', '2019-05-25 07:32:14');
INSERT INTO `order_master` VALUES ('1558769535737993445', '张三', '15280975199', '北京', '123456789', 0.02, 0, 0, '2019-05-25 07:32:16', '2019-05-25 07:32:16');
INSERT INTO `order_master` VALUES ('1558769537579145291', '张三', '15280975199', '北京', '123456789', 0.02, 0, 0, '2019-05-25 07:32:18', '2019-05-25 07:32:18');
INSERT INTO `order_master` VALUES ('1558769609071211956', '张三', '15280975199', '北京', '123456789', 0.02, 0, 0, '2019-05-25 07:33:30', '2019-05-25 07:33:30');
INSERT INTO `order_master` VALUES ('1558769863446415874', '张三', '15280975199', '北京', '123456789', 0.02, 0, 0, '2019-05-25 07:37:44', '2019-05-25 07:37:44');
INSERT INTO `order_master` VALUES ('1558769867816599871', '张三', '15280975199', '北京', '123456789', 0.02, 0, 0, '2019-05-25 07:37:48', '2019-05-25 07:37:48');
INSERT INTO `order_master` VALUES ('1558770144393569906', '张三', '15280975199', '北京', '123456789', 0.02, 0, 0, '2019-05-25 07:42:36', '2019-05-25 07:42:36');
INSERT INTO `order_master` VALUES ('1558770158407631991', '张三', '15280975199', '北京', '123456789', 0.02, 0, 0, '2019-05-25 07:42:49', '2019-05-25 07:42:49');
INSERT INTO `order_master` VALUES ('1558770409774822030', '张三', '15280975199', '北京', '123456789', 0.02, 0, 0, '2019-05-25 07:47:01', '2019-05-25 07:47:01');
INSERT INTO `order_master` VALUES ('1558770423966479024', '张三', '15280975199', '北京', '123456789', 0.02, 0, 0, '2019-05-25 07:47:15', '2019-05-25 07:47:15');
INSERT INTO `order_master` VALUES ('1558783830496338140', '张三', '15280975199', '北京', '123456789', 0.02, 0, 0, '2019-05-25 11:30:42', '2019-05-25 11:30:42');
INSERT INTO `order_master` VALUES ('1558784322442505484', '张三', '15280975199', '北京', '123456789', 0.02, 0, 0, '2019-05-25 11:38:54', '2019-05-25 11:38:54');
INSERT INTO `order_master` VALUES ('1558784332329574284', '张三', '15280975199', '北京', '123456789', 0.02, 0, 0, '2019-05-25 11:39:03', '2019-05-25 11:39:03');
INSERT INTO `order_master` VALUES ('1558784340271703928', '张三', '15280975199', '北京', '123456789', 0.02, 0, 0, '2019-05-25 11:39:11', '2019-05-25 11:39:11');
INSERT INTO `order_master` VALUES ('1558784354869912564', '张三', '15280975199', '北京', '123456789', 0.02, 0, 0, '2019-05-25 11:39:25', '2019-05-25 11:39:25');
INSERT INTO `order_master` VALUES ('1558784363920470150', '张三', '15280975199', '北京', '123456789', 0.02, 0, 0, '2019-05-25 11:39:34', '2019-05-25 11:39:34');
INSERT INTO `order_master` VALUES ('1558784390437985558', '张三', '15280975199', '北京', '123456789', 0.02, 0, 0, '2019-05-25 11:40:01', '2019-05-25 11:40:01');
INSERT INTO `order_master` VALUES ('1558784676763382851', '张三', '15280975199', '北京', '123456789', 0.02, 0, 0, '2019-05-25 11:44:48', '2019-05-25 11:44:48');
INSERT INTO `order_master` VALUES ('1558784679405526586', '张三', '15280975199', '北京', '123456789', 0.02, 0, 0, '2019-05-25 11:44:50', '2019-05-25 11:44:50');
INSERT INTO `order_master` VALUES ('1558787930132869986', '张三', '15280975199', '北京', '123456789', 0.02, 0, 0, '2019-05-25 12:39:02', '2019-05-25 12:39:02');
INSERT INTO `order_master` VALUES ('1558787945964948575', '张三', '15280975199', '北京', '123456789', 0.02, 0, 0, '2019-05-25 12:39:15', '2019-05-25 12:39:15');
INSERT INTO `order_master` VALUES ('1558787966646578199', '张三', '15280975199', '北京', '123456789', 0.02, 0, 0, '2019-05-25 12:39:35', '2019-05-25 12:39:35');
INSERT INTO `order_master` VALUES ('1558788111956365079', '张三', '15280975199', '北京', '123456789', 0.02, 0, 0, '2019-05-25 12:42:01', '2019-05-25 12:42:01');
INSERT INTO `order_master` VALUES ('1558788125364575367', '张三', '15280975199', '北京', '123456789', 0.02, 0, 0, '2019-05-25 12:42:14', '2019-05-25 12:42:14');
INSERT INTO `order_master` VALUES ('1558788141636622071', '张三', '15280975199', '北京', '123456789', 0.02, 0, 0, '2019-05-25 12:42:30', '2019-05-25 12:42:30');
INSERT INTO `order_master` VALUES ('1558788216467155418', '张三', '15280975199', '北京', '123456789', 0.02, 0, 0, '2019-05-25 12:43:45', '2019-05-25 12:43:45');
INSERT INTO `order_master` VALUES ('1558788227540186204', '张三', '15280975199', '北京', '123456789', 0.02, 0, 0, '2019-05-25 12:43:56', '2019-05-25 12:43:56');
INSERT INTO `order_master` VALUES ('1558788270930935201', '张三', '15280975199', '北京', '123456789', 0.02, 0, 0, '2019-05-25 12:44:40', '2019-05-25 12:44:40');
INSERT INTO `order_master` VALUES ('1558788500603140036', '张三', '15280975199', '北京', '123456789', 0.02, 0, 0, '2019-05-25 12:48:29', '2019-05-25 12:48:29');
INSERT INTO `order_master` VALUES ('1558791638707199074', '张三', '15280975199', '北京', '123456789', 0.02, 0, 0, '2019-05-25 13:40:50', '2019-05-25 13:40:50');
INSERT INTO `order_master` VALUES ('1558791671813602224', '张三', '15280975199', '北京', '123456789', 0.02, 0, 0, '2019-05-25 13:41:22', '2019-05-25 13:41:22');
INSERT INTO `order_master` VALUES ('1558793709209850960', '张三', '15280975199', '北京', '123456789', 0.02, 0, 0, '2019-05-25 14:15:20', '2019-05-25 14:15:20');
INSERT INTO `order_master` VALUES ('1558863653341753272', '张三', '15280975199', '北京', '123456789', 0.02, 0, 0, '2019-05-26 09:41:05', '2019-05-26 09:41:05');
INSERT INTO `order_master` VALUES ('1558863667473981704', '张三', '15280975199', '北京', '123456789', 0.02, 0, 0, '2019-05-26 09:41:18', '2019-05-26 09:41:18');
INSERT INTO `order_master` VALUES ('1558863704256381046', '张三', '15280975199', '北京', '123456789', 0.02, 0, 0, '2019-05-26 09:41:55', '2019-05-26 09:41:55');
INSERT INTO `order_master` VALUES ('1558865734421656750', '张三', '15280975199', '北京', '123456789', 0.02, 0, 0, '2019-05-26 10:15:46', '2019-05-26 10:15:46');
INSERT INTO `order_master` VALUES ('1558865844065452989', '张三', '15280975199', '北京', '123456789', 0.02, 0, 0, '2019-05-26 10:17:35', '2019-05-26 10:17:35');
INSERT INTO `order_master` VALUES ('1558866170845313464', '张三', '15280975199', '北京', '123456789', 0.02, 0, 0, '2019-05-26 10:23:02', '2019-05-26 10:23:02');
INSERT INTO `order_master` VALUES ('1558878215972137443', '张三', '15280975199', '北京', '123456789', 0.02, 0, 0, '2019-05-26 13:43:47', '2019-05-26 13:43:47');
INSERT INTO `order_master` VALUES ('1559050470363406304', '张三', '15280975199', '北京', '123456789', 0.02, 0, 0, '2019-05-28 13:34:42', '2019-05-28 13:34:42');
INSERT INTO `order_master` VALUES ('1559547594526614962', '张三', '15280975199', '北京', '123456789', 0.02, 0, 0, '2019-06-03 07:40:06', '2019-06-03 07:40:06');
INSERT INTO `order_master` VALUES ('1559547718608516115', '张三', '15280975199', '北京', '123456789', 0.02, 0, 0, '2019-06-03 07:42:09', '2019-06-03 07:42:09');
INSERT INTO `order_master` VALUES ('1559547754126304609', '张三', '15280975199', '北京', '123456789', 0.02, 0, 0, '2019-06-03 07:42:45', '2019-06-03 07:42:45');
INSERT INTO `order_master` VALUES ('1560765529161615107', '张三', '15280975199', '北京', '123456789', 0.02, 0, 0, '2019-06-17 09:59:00', '2019-06-17 09:59:00');
INSERT INTO `order_master` VALUES ('1560765552923492829', '张三', '15280975199', '北京', '123456789', 0.02, 0, 0, '2019-06-17 09:59:23', '2019-06-17 09:59:23');
INSERT INTO `order_master` VALUES ('1562226167161826672', '张三', '15280975199', '北京', '123456789', 0.02, 0, 0, '2019-07-04 07:42:58', '2019-07-04 07:42:58');
INSERT INTO `order_master` VALUES ('1562226441460560047', '张三', '15280975199', '北京', '123456789', 0.02, 0, 0, '2019-07-04 07:47:32', '2019-07-04 07:47:32');
INSERT INTO `order_master` VALUES ('1562226592290169082', '张三', '15280975199', '北京', '123456789', 0.02, 0, 0, '2019-07-04 07:50:03', '2019-07-04 07:50:03');
INSERT INTO `order_master` VALUES ('1562226652074195577', '张三', '15280975199', '北京', '123456789', 0.02, 0, 0, '2019-07-04 07:51:03', '2019-07-04 07:51:03');
INSERT INTO `order_master` VALUES ('1562226682424629373', '张三', '15280975199', '北京', '123456789', 0.02, 0, 0, '2019-07-04 07:51:33', '2019-07-04 07:51:33');
INSERT INTO `order_master` VALUES ('1562911527655617307', '张三', '15280975199', '北京', '123456789', 0.02, 0, 0, '2019-07-12 06:05:39', '2019-07-12 06:05:39');
INSERT INTO `order_master` VALUES ('1562911686266808666', '张三', '15280975199', '北京', '123456789', 0.02, 0, 0, '2019-07-12 06:08:17', '2019-07-12 06:08:17');

-- ----------------------------
-- Table structure for product_category
-- ----------------------------
DROP TABLE IF EXISTS `product_category`;
CREATE TABLE `product_category`  (
  `category_id` int(11) NOT NULL AUTO_INCREMENT,
  `category_name` varchar(64) CHARACTER SET utf8 COLLATE utf8_general_ci NOT NULL COMMENT '类目名字',
  `category_type` int(11) NOT NULL COMMENT '类目编号',
  `create_time` timestamp(0) NOT NULL DEFAULT CURRENT_TIMESTAMP COMMENT '创建时间',
  `update_time` timestamp(0) NOT NULL DEFAULT CURRENT_TIMESTAMP ON UPDATE CURRENT_TIMESTAMP(0) COMMENT '修改时间',
  PRIMARY KEY (`category_id`) USING BTREE,
  UNIQUE INDEX `uqe_category_type`(`category_type`) USING BTREE
) ENGINE = InnoDB AUTO_INCREMENT = 2 CHARACTER SET = utf8 COLLATE = utf8_general_ci ROW_FORMAT = Dynamic;

-- ----------------------------
-- Records of product_category
-- ----------------------------
INSERT INTO `product_category` VALUES (1, '好吃的', 1, '2017-03-28 16:40:22', '2018-09-20 16:36:35');
INSERT INTO `product_category` VALUES (2, '好吃的', 22, '2017-03-14 17:38:46', '2017-11-26 23:39:40');

-- ----------------------------
-- Table structure for product_info
-- ----------------------------
DROP TABLE IF EXISTS `product_info`;
CREATE TABLE `product_info`  (
  `product_id` varchar(32) CHARACTER SET utf8 COLLATE utf8_general_ci NOT NULL,
  `product_name` varchar(64) CHARACTER SET utf8 COLLATE utf8_general_ci NOT NULL COMMENT '商品名称',
  `product_price` decimal(8, 2) NOT NULL COMMENT '单价',
  `product_stock` int(11) NOT NULL COMMENT '库存',
  `product_description` varchar(64) CHARACTER SET utf8 COLLATE utf8_general_ci NULL DEFAULT NULL COMMENT '描述',
  `product_icon` varchar(512) CHARACTER SET utf8 COLLATE utf8_general_ci NULL DEFAULT NULL COMMENT '小图',
  `product_status` tinyint(3) NULL DEFAULT 0 COMMENT '商品状态,0正常1下架',
  `category_type` int(11) NOT NULL COMMENT '类目编号',
  `create_time` timestamp(0) NOT NULL DEFAULT CURRENT_TIMESTAMP COMMENT '创建时间',
  `update_time` timestamp(0) NOT NULL DEFAULT CURRENT_TIMESTAMP ON UPDATE CURRENT_TIMESTAMP(0) COMMENT '修改时间',
  PRIMARY KEY (`product_id`) USING BTREE
) ENGINE = InnoDB CHARACTER SET = utf8 COLLATE = utf8_general_ci ROW_FORMAT = Dynamic;

-- ----------------------------
-- Records of product_info
-- ----------------------------
INSERT INTO `product_info` VALUES ('157875196366160022', '皮蛋粥', 0.01, 680, '好吃的皮蛋粥', '//fuss10.elemecdn.com/0/49/65d10ef215d3c770ebb2b5ea962a7jpeg.jpeg', 0, 1, '2017-02-14 11:39:15', '2018-08-28 21:07:06');
INSERT INTO `product_info` VALUES ('157875227953464068', '慕斯蛋糕', 10.90, 200, '美味爽口', '//fuss10.elemecdn.com/9/93/91994e8456818dfe7b0bd95f10a50jpeg.jpeg', 1, 1, '2017-03-28 19:35:54', '2017-04-21 10:05:57');
INSERT INTO `product_info` VALUES ('164103465734242707', '蜜汁鸡翅', 0.02, 948, '好吃', '//fuss10.elemecdn.com/7/4a/f307f56216b03f067155aec8b124ejpeg.jpeg', 0, 1, '2017-03-30 17:11:56', '2017-06-24 19:20:54');

-- ----------------------------
-- Table structure for user_info
-- ----------------------------
DROP TABLE IF EXISTS `user_info`;
CREATE TABLE `user_info`  (
  `id` varchar(32) CHARACTER SET utf8 COLLATE utf8_general_ci NOT NULL,
  `username` varchar(32) CHARACTER SET utf8 COLLATE utf8_general_ci NULL DEFAULT '',
  `password` varchar(32) CHARACTER SET utf8 COLLATE utf8_general_ci NULL DEFAULT '',
  `openid` varchar(64) CHARACTER SET utf8 COLLATE utf8_general_ci NULL DEFAULT '' COMMENT '微信openid',
  `role` int(1) NOT NULL COMMENT '1买家2卖家',
  `create_time` timestamp(0) NOT NULL DEFAULT CURRENT_TIMESTAMP COMMENT '创建时间',
  `update_time` timestamp(0) NOT NULL DEFAULT CURRENT_TIMESTAMP ON UPDATE CURRENT_TIMESTAMP(0) COMMENT '修改时间',
  PRIMARY KEY (`id`) USING BTREE
) ENGINE = InnoDB CHARACTER SET = utf8 COLLATE = utf8_general_ci ROW_FORMAT = Dynamic;

-- ----------------------------
-- Records of user_info
-- ----------------------------
INSERT INTO `user_info` VALUES ('1', 'xwz', '1', 'xyz', 2, '2018-12-19 15:44:03', '2018-12-19 15:47:51');
INSERT INTO `user_info` VALUES ('2', 'abc', '2', 'abc', 1, '2018-12-19 15:44:14', '2018-12-19 15:44:37');

SET FOREIGN_KEY_CHECKS = 1;
